facility_id,facility_name,msa,msa_title,hcahps_hlmr,hcahps_hlmr_percentile,hcahps_start_date,hcahps_end_date,hcahps_footnote,comphipknee,comphipknee_percentile,comp_start_date,comp_end_date,comp_footnote,pro,pro_start_date,pro_end_date,reconciliation_footnote
10023.0,BAPTIST MEDICAL CENTER SOUTH,33860.0,"Montgomery, AL",84.0,48%,07/01/2022,06/30/2023,,3.79573,27%,04/01/2020,03/31/2023,,N,07/01/2022,06/30/2023,
40026.0,CHI ST. VINCENT HOSPITAL HOT SPRINGS,26300.0,"Hot Springs, AR",83.75,45%,07/01/2022,06/30/2023,,3.07084,73%,04/01/2020,03/31/2023,,N,07/01/2022,06/30/2023,
40078.0,NATIONAL PARK MEDICAL CENTER,26300.0,"Hot Springs, AR",79.13,9%,07/01/2022,06/30/2023,,3.90251,23%,04/01/2020,03/31/2023,,N,07/01/2022,06/30/2023,*
50056.0,ANTELOPE VALLEY HOSPITAL,31080.0,"Los Angeles-Long Beach-Anaheim, CA",78.19,5%,07/01/2022,06/30/2023,,3.70497,32%,04/01/2020,03/31/2023,,N,07/01/2022,06/30/2023,
50069.0,PROVIDENCE ST JOSEPH HOSPITAL,31080.0,"Los Angeles-Long Beach-Anaheim, CA",85.25,66%,07/01/2022,06/30/2023,,,,04/01/2020,03/31/2023,1.0,N,07/01/2022,06/30/2023,
50078.0,PROVIDENCE LITTLE CO OF MARY MED CTR SAN PEDRO,31080.0,"Los Angeles-Long Beach-Anaheim, CA",85.38,68%,07/01/2022,06/30/2023,,,,04/01/2020,03/31/2023,1.0,N,07/01/2022,06/30/2023,
50096.0,WEST COVINA MEDICAL CENTER,31080.0,"Los Angeles-Long Beach-Anaheim, CA",,,07/01/2022,06/30/2023,***,,,04/01/2020,03/31/2023,,N,07/01/2022,06/30/2023,
50104.0,SAINT FRANCIS MEDICAL CENTER,31080.0,"Los Angeles-Long Beach-Anaheim, CA",79.0,9%,07/01/2022,06/30/2023,,,,04/01/2020,03/31/2023,1.0,N,07/01/2022,06/30/2023,
50116.0,NORTHRIDGE HOSPITAL MEDICAL CENTER,31080.0,"Los Angeles-Long Beach-Anaheim, CA",82.63,33%,07/01/2022,06/30/2023,,3.36165,53%,04/01/2020,03/31/2023,,N,07/01/2022,06/30/2023,
50124.0,USC VERDUGO HILLS HOSPITAL,31080.0,"Los Angeles-Long Beach-Anaheim, CA",82.81,34%,07/01/2022,06/30/2023,,4.15706,14%,04/01/2020,03/31/2023,,N,07/01/2022,06/30/2023,*
50126.0,VALLEY PRESBYTERIAN HOSPITAL,31080.0,"Los Angeles-Long Beach-Anaheim, CA",81.0,18%,07/01/2022,06/30/2023,,3.1975,64%,04/01/2020,03/31/2023,,N,07/01/2022,06/30/2023,
50132.0,SAN GABRIEL VALLEY MEDICAL CENTER,31080.0,"Los Angeles-Long Beach-Anaheim, CA",84.81,59%,07/01/2022,06/30/2023,,3.30011,58%,04/01/2020,03/31/2023,,N,07/01/2022,06/30/2023,
50135.0,SOUTHERN CALIFORNIA HOSPITAL AT HOLLYWOOD,31080.0,"Los Angeles-Long Beach-Anaheim, CA",69.75,0%,07/01/2022,06/30/2023,,,,04/01/2020,03/31/2023,1.0,N,07/01/2022,06/30/2023,
50168.0,PROVIDENCE ST JUDE MEDICAL CENTER,31080.0,"Los Angeles-Long Beach-Anaheim, CA",84.75,58%,07/01/2022,06/30/2023,,,,04/01/2020,03/31/2023,1.0,N,07/01/2022,06/30/2023,
50169.0,PIH HEALTH HOSPITAL-WHITTIER,31080.0,"Los Angeles-Long Beach-Anaheim, CA",85.81,73%,07/01/2022,06/30/2023,,3.45472,46%,04/01/2020,03/31/2023,,N,07/01/2022,06/30/2023,
50191.0,ST MARY MEDICAL CENTER,31080.0,"Los Angeles-Long Beach-Anaheim, CA",82.19,28%,07/01/2022,06/30/2023,,,,04/01/2020,03/31/2023,5.0,N,07/01/2022,06/30/2023,
50204.0,PALMDALE REGIONAL MEDICAL CENTER,31080.0,"Los Angeles-Long Beach-Anaheim, CA",80.69,16%,07/01/2022,06/30/2023,,4.06057,17%,04/01/2020,03/31/2023,,N,07/01/2022,06/30/2023,*
50224.0,HOAG MEMORIAL HOSPITAL PRESBYTERIAN,31080.0,"Los Angeles-Long Beach-Anaheim, CA",85.44,68%,07/01/2022,06/30/2023,,,,04/01/2020,03/31/2023,5.0,N,07/01/2022,06/30/2023,
50226.0,AHMC ANAHEIM REGIONAL MEDICAL CENTER,31080.0,"Los Angeles-Long Beach-Anaheim, CA",80.5,15%,07/01/2022,06/30/2023,,,,04/01/2020,03/31/2023,1.0,N,07/01/2022,06/30/2023,
50230.0,GARDEN GROVE HOSPITAL & MEDICAL CENTER,31080.0,"Los Angeles-Long Beach-Anaheim, CA",75.25,2%,07/01/2022,06/30/2023,,,,04/01/2020,03/31/2023,1.0,N,07/01/2022,06/30/2023,
50231.0,POMONA VALLEY HOSPITAL MEDICAL CENTER,31080.0,"Los Angeles-Long Beach-Anaheim, CA",82.69,33%,07/01/2022,06/30/2023,,3.12524,70%,04/01/2020,03/31/2023,,N,07/01/2022,06/30/2023,
50238.0,METHODIST HOSPITAL OF SOUTHERN CA,31080.0,"Los Angeles-Long Beach-Anaheim, CA",80.31,14%,07/01/2022,06/30/2023,,3.68372,34%,04/01/2020,03/31/2023,,N,07/01/2022,06/30/2023,
50281.0,ALHAMBRA HOSPITAL MEDICAL CENTER,31080.0,"Los Angeles-Long Beach-Anaheim, CA",83.25,39%,07/01/2022,06/30/2023,,,,04/01/2020,03/31/2023,1.0,N,07/01/2022,06/30/2023,
50350.0,ADVENTIST HEALTH WHITE MEMORIAL MONTEBELLO,31080.0,"Los Angeles-Long Beach-Anaheim, CA",80.69,16%,07/01/2022,06/30/2023,,3.09161,72%,04/01/2020,03/31/2023,,N,07/01/2022,06/30/2023,
50351.0,TORRANCE MEMORIAL MEDICAL CENTER,31080.0,"Los Angeles-Long Beach-Anaheim, CA",86.0,75%,07/01/2022,06/30/2023,,1.61941,100%,04/01/2020,03/31/2023,,N,07/01/2022,06/30/2023,
50353.0,PROVIDENCE LITTLE COMPANY OF MARY MEDICAL CENTER TORRANCE,31080.0,"Los Angeles-Long Beach-Anaheim, CA",82.13,27%,07/01/2022,06/30/2023,,2.85301,85%,04/01/2020,03/31/2023,,N,07/01/2022,06/30/2023,
50376.0,LAC/HARBOR-UCLA MED CENTER,31080.0,"Los Angeles-Long Beach-Anaheim, CA",80.13,13%,07/01/2022,06/30/2023,,,,04/01/2020,03/31/2023,1.0,N,07/01/2022,06/30/2023,
50382.0,EMANATE HEALTH INTER-COMMUNITY HOSPITAL,31080.0,"Los Angeles-Long Beach-Anaheim, CA",80.56,15%,07/01/2022,06/30/2023,,3.03501,75%,04/01/2020,03/31/2023,,N,07/01/2022,06/30/2023,
50393.0,PIH HOSPITAL - DOWNEY,31080.0,"Los Angeles-Long Beach-Anaheim, CA",83.81,46%,07/01/2022,06/30/2023,,3.36148,53%,04/01/2020,03/31/2023,,N,07/01/2022,06/30/2023,
50426.0,WEST ANAHEIM MEDICAL CENTER,31080.0,"Los Angeles-Long Beach-Anaheim, CA",77.63,4%,07/01/2022,06/30/2023,,,,04/01/2020,03/31/2023,1.0,N,07/01/2022,06/30/2023,
50471.0,GOOD SAMARITAN HOSPITAL,31080.0,"Los Angeles-Long Beach-Anaheim, CA",79.94,12%,07/01/2022,06/30/2023,,3.45701,46%,04/01/2020,03/31/2023,,N,07/01/2022,06/30/2023,
50481.0,WEST HILLS HOSPITAL & MEDICAL CENTER,31080.0,"Los Angeles-Long Beach-Anaheim, CA",79.0,9%,07/01/2022,06/30/2023,,3.14834,69%,04/01/2020,03/31/2023,,N,07/01/2022,06/30/2023,
50485.0,LONG BEACH MEMORIAL MEDICAL CENTER,31080.0,"Los Angeles-Long Beach-Anaheim, CA",82.88,35%,07/01/2022,06/30/2023,,4.32763,10%,04/01/2020,03/31/2023,,N,07/01/2022,06/30/2023,*
50526.0,HUNTINGTON BEACH HOSPITAL,31080.0,"Los Angeles-Long Beach-Anaheim, CA",74.88,1%,07/01/2022,06/30/2023,,,,04/01/2020,03/31/2023,5.0,N,07/01/2022,06/30/2023,
50551.0,LOS ALAMITOS MEDICAL CENTER,31080.0,"Los Angeles-Long Beach-Anaheim, CA",76.94,3%,07/01/2022,06/30/2023,,,,04/01/2020,03/31/2023,1.0,N,07/01/2022,06/30/2023,
50570.0,FOUNTAIN VALLEY REGIONAL HOSPITAL & MEDICAL CENTER,31080.0,"Los Angeles-Long Beach-Anaheim, CA",76.88,3%,07/01/2022,06/30/2023,,3.06621,74%,04/01/2020,03/31/2023,,N,07/01/2022,06/30/2023,
50580.0,LA PALMA INTERCOMMUNITY HOSPITAL,31080.0,"Los Angeles-Long Beach-Anaheim, CA",80.13,13%,07/01/2022,06/30/2023,,,,04/01/2020,03/31/2023,1.0,N,07/01/2022,06/30/2023,
50581.0,LAKEWOOD REGIONAL MEDICAL CENTER,31080.0,"Los Angeles-Long Beach-Anaheim, CA",77.81,4%,07/01/2022,06/30/2023,,,,04/01/2020,03/31/2023,1.0,N,07/01/2022,06/30/2023,
50588.0,SAN DIMAS COMMUNITY HOSPITAL,31080.0,"Los Angeles-Long Beach-Anaheim, CA",74.19,1%,07/01/2022,06/30/2023,,,,04/01/2020,03/31/2023,1.0,N,07/01/2022,06/30/2023,
50589.0,PLACENTIA LINDA HOSPITAL,31080.0,"Los Angeles-Long Beach-Anaheim, CA",80.38,14%,07/01/2022,06/30/2023,,,,04/01/2020,03/31/2023,1.0,N,07/01/2022,06/30/2023,
50597.0,EMANATE HEALTH FOOTHILL PRESBYTERIAN HOSPITAL,31080.0,"Los Angeles-Long Beach-Anaheim, CA",81.56,22%,07/01/2022,06/30/2023,,,,04/01/2020,03/31/2023,1.0,N,07/01/2022,06/30/2023,
50603.0,MEMORIALCARE SADDLEBACK MEDICAL CENTER,31080.0,"Los Angeles-Long Beach-Anaheim, CA",83.44,41%,07/01/2022,06/30/2023,,,,04/01/2020,03/31/2023,1.0,N,07/01/2022,06/30/2023,
50624.0,HENRY MAYO NEWHALL  HOSPITAL,31080.0,"Los Angeles-Long Beach-Anaheim, CA",82.88,35%,07/01/2022,06/30/2023,,,,04/01/2020,03/31/2023,1.0,N,07/01/2022,06/30/2023,
50663.0,LOS ANGELES COMMUNITY HOSPITAL,31080.0,"Los Angeles-Long Beach-Anaheim, CA",69.69,0%,07/01/2022,06/30/2023,,,,04/01/2020,03/31/2023,1.0,N,07/01/2022,06/30/2023,
50678.0,MEMORIALCARE ORANGE COAST MEDICAL CENTER,31080.0,"Los Angeles-Long Beach-Anaheim, CA",83.44,41%,07/01/2022,06/30/2023,,,,04/01/2020,03/31/2023,1.0,N,07/01/2022,06/30/2023,
50696.0,KECK HOSPITAL OF USC,31080.0,"Los Angeles-Long Beach-Anaheim, CA",86.75,83%,07/01/2022,06/30/2023,,2.41707,96%,04/01/2020,03/31/2023,,N,07/01/2022,06/30/2023,
50704.0,MISSION COMMUNITY HOSPITAL,31080.0,"Los Angeles-Long Beach-Anaheim, CA",76.5,3%,07/01/2022,06/30/2023,,3.69797,33%,04/01/2020,03/31/2023,,N,07/01/2022,06/30/2023,
50717.0,LAC/RANCHO LOS AMIGOS NATIONAL REHABILITATION  CENTER,31080.0,"Los Angeles-Long Beach-Anaheim, CA",88.13,91%,07/01/2022,06/30/2023,,,,04/01/2020,03/31/2023,1.0,N,07/01/2022,06/30/2023,
50735.0,WHITTIER HOSPITAL MEDICAL CENTER,31080.0,"Los Angeles-Long Beach-Anaheim, CA",80.19,13%,07/01/2022,06/30/2023,,,,04/01/2020,03/31/2023,1.0,N,07/01/2022,06/30/2023,
50736.0,MONTEREY PARK HOSPITAL,31080.0,"Los Angeles-Long Beach-Anaheim, CA",81.06,18%,07/01/2022,06/30/2023,,,,04/01/2020,03/31/2023,1.0,N,07/01/2022,06/30/2023,
50737.0,GARFIELD MEDICAL CENTER,31080.0,"Los Angeles-Long Beach-Anaheim, CA",81.19,19%,07/01/2022,06/30/2023,,,,04/01/2020,03/31/2023,1.0,N,07/01/2022,06/30/2023,
50739.0,CENTINELA HOSPITAL MEDICAL CENTER,31080.0,"Los Angeles-Long Beach-Anaheim, CA",76.5,3%,07/01/2022,06/30/2023,,,,04/01/2020,03/31/2023,1.0,N,07/01/2022,06/30/2023,
50740.0,CEDAR-SINAI MARINA DEL REY HOSPITAL,31080.0,"Los Angeles-Long Beach-Anaheim, CA",82.0,26%,07/01/2022,06/30/2023,,4.92494,3%,04/01/2020,03/31/2023,,N,07/01/2022,06/30/2023,*
50745.0,CHAPMAN GLOBAL MEDICAL CENTER,31080.0,"Los Angeles-Long Beach-Anaheim, CA",74.63,1%,07/01/2022,06/30/2023,,2.72594,90%,04/01/2020,03/31/2023,,N,07/01/2022,06/30/2023,
50746.0,ORANGE COUNTY GLOBAL MEDICAL CENTER,31080.0,"Los Angeles-Long Beach-Anaheim, CA",79.81,11%,07/01/2022,06/30/2023,,,,04/01/2020,03/31/2023,1.0,N,07/01/2022,06/30/2023,
50755.0,SHERMAN OAKS HOSPITAL,31080.0,"Los Angeles-Long Beach-Anaheim, CA",75.06,2%,07/01/2022,06/30/2023,,3.05792,74%,04/01/2020,03/31/2023,,N,07/01/2022,06/30/2023,
50763.0,"L A DOWNTOWN MEDICAL CENTER, LLC",31080.0,"Los Angeles-Long Beach-Anaheim, CA",,,07/01/2022,06/30/2023,***,,,04/01/2020,03/31/2023,1.0,N,07/01/2022,06/30/2023,
50769.0,HOAG ORTHOPEDIC INSTITUTE,31080.0,"Los Angeles-Long Beach-Anaheim, CA",89.25,95%,07/01/2022,06/30/2023,,3.19515,64%,04/01/2020,03/31/2023,,N,07/01/2022,06/30/2023,
70005.0,WATERBURY HOSPITAL,35300.0,"New Haven-Milford, CT",80.19,13%,07/01/2022,06/30/2023,,,,04/01/2020,03/31/2023,1.0,N,07/01/2022,06/30/2023,
70016.0,SAINT MARY'S HOSPITAL,35300.0,"New Haven-Milford, CT",81.13,19%,07/01/2022,06/30/2023,,,,04/01/2020,03/31/2023,1.0,N,07/01/2022,06/30/2023,
70017.0,MIDSTATE MEDICAL CENTER,35300.0,"New Haven-Milford, CT",85.81,73%,07/01/2022,06/30/2023,,3.794,28%,04/01/2020,03/31/2023,,N,07/01/2022,06/30/2023,
70031.0,GRIFFIN HOSPITAL,35300.0,"New Haven-Milford, CT",83.75,45%,07/01/2022,06/30/2023,,4.0081,19%,04/01/2020,03/31/2023,,N,07/01/2022,06/30/2023,
100002.0,BETHESDA HOSPITAL EAST,33100.0,"Miami-Fort Lauderdale-West Palm Beach, FL",78.19,5%,07/01/2022,06/30/2023,,3.77327,29%,04/01/2020,03/31/2023,,N,07/01/2022,06/30/2023,*
100006.0,ORLANDO HEALTH ORLANDO REGIONAL MEDICAL CENTER,36740.0,"Orlando-Kissimmee-Sanford, FL",82.25,29%,07/01/2022,06/30/2023,,3.23228,62%,04/01/2020,03/31/2023,,N,07/01/2022,06/30/2023,
100008.0,BAPTIST HOSPITAL OF MIAMI,33100.0,"Miami-Fort Lauderdale-West Palm Beach, FL",83.31,40%,07/01/2022,06/30/2023,,,,04/01/2020,03/31/2023,1.0,N,07/01/2022,06/30/2023,
100029.0,STEWARD NORTH SHORE MEDICAL CENTER,33100.0,"Miami-Fort Lauderdale-West Palm Beach, FL",71.75,0%,07/01/2022,06/30/2023,,3.5325,41%,04/01/2020,03/31/2023,,N,07/01/2022,06/30/2023,
100030.0,ORLANDO HEALTH-HEALTH CENTRAL HOSPITAL,36740.0,"Orlando-Kissimmee-Sanford, FL",82.38,30%,07/01/2022,06/30/2023,,3.52059,42%,04/01/2020,03/31/2023,,N,07/01/2022,06/30/2023,
100034.0,MOUNT SINAI MEDICAL CENTER,33100.0,"Miami-Fort Lauderdale-West Palm Beach, FL",80.13,13%,07/01/2022,06/30/2023,,3.14031,69%,04/01/2020,03/31/2023,,N,07/01/2022,06/30/2023,
100039.0,BROWARD HEALTH MEDICAL CENTER,33100.0,"Miami-Fort Lauderdale-West Palm Beach, FL",78.0,5%,07/01/2022,06/30/2023,,,,04/01/2020,03/31/2023,1.0,N,07/01/2022,06/30/2023,
100043.0,MEASE DUNEDIN HOSPITAL,45300.0,"Tampa-St. Petersburg-Clearwater, FL",87.63,89%,07/01/2022,06/30/2023,,2.84897,85%,04/01/2020,03/31/2023,,N,07/01/2022,06/30/2023,
100044.0,CLEVELAND CLINIC MARTIN NORTH HOSPITAL,38940.0,"Port St. Lucie, FL",78.31,6%,07/01/2022,06/30/2023,,5.26693,1%,04/01/2020,03/31/2023,,N,07/01/2022,06/30/2023,*
100046.0,ADVENTHEALTH ZEPHYRHILLS,45300.0,"Tampa-St. Petersburg-Clearwater, FL",83.44,41%,07/01/2022,06/30/2023,,3.34815,55%,04/01/2020,03/31/2023,,N,07/01/2022,06/30/2023,
100050.0,LARKIN COMMUNITY HOSPITAL PALM SPRINGS CAMPUS,33100.0,"Miami-Fort Lauderdale-West Palm Beach, FL",83.19,38%,07/01/2022,06/30/2023,,,,04/01/2020,03/31/2023,5.0,N,07/01/2022,06/30/2023,
100051.0,ORLANDO HEALTH SOUTH LAKE HOSPITAL,36740.0,"Orlando-Kissimmee-Sanford, FL",83.5,42%,07/01/2022,06/30/2023,,5.2006,2%,04/01/2020,03/31/2023,,N,07/01/2022,06/30/2023,
100053.0,STEWARD HIALEAH HOSPITAL,33100.0,"Miami-Fort Lauderdale-West Palm Beach, FL",80.06,13%,07/01/2022,06/30/2023,,,,04/01/2020,03/31/2023,1.0,N,07/01/2022,06/30/2023,
100055.0,ADVENTHEALTH NORTH PINELLAS,45300.0,"Tampa-St. Petersburg-Clearwater, FL",83.88,47%,07/01/2022,06/30/2023,,,,04/01/2020,03/31/2023,1.0,N,07/01/2022,06/30/2023,
100057.0,ADVENTHEALTH WATERMAN,36740.0,"Orlando-Kissimmee-Sanford, FL",83.5,42%,07/01/2022,06/30/2023,,2.67731,92%,04/01/2020,03/31/2023,,N,07/01/2022,06/30/2023,
100063.0,MORTON PLANT NORTH BAY HOSPITAL,45300.0,"Tampa-St. Petersburg-Clearwater, FL",86.13,77%,07/01/2022,06/30/2023,,,,04/01/2020,03/31/2023,1.0,N,07/01/2022,06/30/2023,
100069.0,ADVENTHEALTH CARROLLWOOD,45300.0,"Tampa-St. Petersburg-Clearwater, FL",83.63,44%,07/01/2022,06/30/2023,,3.71848,31%,04/01/2020,03/31/2023,,N,07/01/2022,06/30/2023,
100071.0,BRAVERA HEALTH BROOKSVILLE,45300.0,"Tampa-St. Petersburg-Clearwater, FL",78.63,7%,07/01/2022,06/30/2023,,,,04/01/2020,03/31/2023,1.0,N,07/01/2022,06/30/2023,
100073.0,HOLY CROSS HOSPITAL,33100.0,"Miami-Fort Lauderdale-West Palm Beach, FL",78.56,7%,07/01/2022,06/30/2023,,2.57348,94%,04/01/2020,03/31/2023,,N,07/01/2022,06/30/2023,
100075.0,ST JOSEPHS HOSPITAL,45300.0,"Tampa-St. Petersburg-Clearwater, FL",85.25,66%,07/01/2022,06/30/2023,,,,04/01/2020,03/31/2023,1.0,N,07/01/2022,06/30/2023,
100080.0,HCA FLORIDA JFK HOSPITAL,33100.0,"Miami-Fort Lauderdale-West Palm Beach, FL",75.88,2%,07/01/2022,06/30/2023,,3.55893,40%,04/01/2020,03/31/2023,,N,07/01/2022,06/30/2023,
100084.0,UF HEALTH LEESBURG HOSPITAL,36740.0,"Orlando-Kissimmee-Sanford, FL",80.5,15%,07/01/2022,06/30/2023,,4.00558,20%,04/01/2020,03/31/2023,,N,07/01/2022,06/30/2023,*
100110.0,HCA FLORIDA OSCEOLA HOSPITAL,36740.0,"Orlando-Kissimmee-Sanford, FL",77.81,4%,07/01/2022,06/30/2023,,,,04/01/2020,03/31/2023,1.0,N,07/01/2022,06/30/2023,
100125.0,HOMESTEAD HOSPITAL,33100.0,"Miami-Fort Lauderdale-West Palm Beach, FL",85.5,69%,07/01/2022,06/30/2023,,,,04/01/2020,03/31/2023,1.0,N,07/01/2022,06/30/2023,
100126.0,HCA FLORIDA PASADENA HOSPITAL,45300.0,"Tampa-St. Petersburg-Clearwater, FL",80.5,15%,07/01/2022,06/30/2023,,3.05929,74%,04/01/2020,03/31/2023,,N,07/01/2022,06/30/2023,
100127.0,MORTON PLANT HOSPITAL,45300.0,"Tampa-St. Petersburg-Clearwater, FL",85.94,74%,07/01/2022,06/30/2023,,3.07962,73%,04/01/2020,03/31/2023,,N,07/01/2022,06/30/2023,
100131.0,HCA FLORIDA AVENTURA HOSPITAL,33100.0,"Miami-Fort Lauderdale-West Palm Beach, FL",79.69,11%,07/01/2022,06/30/2023,,3.39689,50%,04/01/2020,03/31/2023,,N,07/01/2022,06/30/2023,
100132.0,SOUTH FLORIDA BAPTIST HOSPITAL,45300.0,"Tampa-St. Petersburg-Clearwater, FL",84.88,60%,07/01/2022,06/30/2023,,,,04/01/2020,03/31/2023,5.0,N,07/01/2022,06/30/2023,
100154.0,SOUTH MIAMI HOSPITAL,33100.0,"Miami-Fort Lauderdale-West Palm Beach, FL",85.0,62%,07/01/2022,06/30/2023,,,,04/01/2020,03/31/2023,1.0,N,07/01/2022,06/30/2023,
100161.0,HCA FLORIDA LAKE MONROE HOSPITAL,36740.0,"Orlando-Kissimmee-Sanford, FL",79.44,10%,07/01/2022,06/30/2023,,3.32872,56%,04/01/2020,03/31/2023,,N,07/01/2022,06/30/2023,
100167.0,HCA FLORIDA MERCY HOSPITAL,33100.0,"Miami-Fort Lauderdale-West Palm Beach, FL",80.69,16%,07/01/2022,06/30/2023,,3.70206,33%,04/01/2020,03/31/2023,,N,07/01/2022,06/30/2023,
100168.0,BOCA RATON REGIONAL HOSPITAL,33100.0,"Miami-Fort Lauderdale-West Palm Beach, FL",78.38,6%,07/01/2022,06/30/2023,,4.22667,12%,04/01/2020,03/31/2023,,N,07/01/2022,06/30/2023,*
100173.0,ADVENTHEALTH TAMPA,45300.0,"Tampa-St. Petersburg-Clearwater, FL",82.69,33%,07/01/2022,06/30/2023,,3.37713,52%,04/01/2020,03/31/2023,,N,07/01/2022,06/30/2023,
100176.0,PALM BEACH GARDENS MEDICAL CENTER,33100.0,"Miami-Fort Lauderdale-West Palm Beach, FL",74.5,1%,07/01/2022,06/30/2023,,4.34913,9%,04/01/2020,03/31/2023,,N,07/01/2022,06/30/2023,*
100180.0,HCA FLORIDA ST PETERSBURG HOSPITAL,45300.0,"Tampa-St. Petersburg-Clearwater, FL",78.81,8%,07/01/2022,06/30/2023,,,,04/01/2020,03/31/2023,1.0,N,07/01/2022,06/30/2023,
100181.0,LARKIN COMMUNITY HOSPITAL,33100.0,"Miami-Fort Lauderdale-West Palm Beach, FL",,,07/01/2022,06/30/2023,***,,,04/01/2020,03/31/2023,1.0,N,07/01/2022,06/30/2023,
100183.0,STEWARD CORAL GABLES HOSPITAL,33100.0,"Miami-Fort Lauderdale-West Palm Beach, FL",80.88,17%,07/01/2022,06/30/2023,,,,04/01/2020,03/31/2023,1.0,N,07/01/2022,06/30/2023,
100187.0,STEWARD PALMETTO GENERAL HOSPITAL,33100.0,"Miami-Fort Lauderdale-West Palm Beach, FL",76.06,2%,07/01/2022,06/30/2023,,3.57498,39%,04/01/2020,03/31/2023,,N,07/01/2022,06/30/2023,
100189.0,HCA FLORIDA NORTHWEST HOSPITAL,33100.0,"Miami-Fort Lauderdale-West Palm Beach, FL",72.75,1%,07/01/2022,06/30/2023,,,,04/01/2020,03/31/2023,1.0,N,07/01/2022,06/30/2023,
100191.0,HCA FLORIDA TRINITY HOSPITAL,45300.0,"Tampa-St. Petersburg-Clearwater, FL",81.25,20%,07/01/2022,06/30/2023,,4.21851,12%,04/01/2020,03/31/2023,,N,07/01/2022,06/30/2023,*
100200.0,BROWARD HEALTH IMPERIAL POINT,33100.0,"Miami-Fort Lauderdale-West Palm Beach, FL",78.25,6%,07/01/2022,06/30/2023,,,,04/01/2020,03/31/2023,1.0,N,07/01/2022,06/30/2023,
100204.0,HCA FLORIDA NORTH FLORIDA HOSPITAL,23540.0,"Gainesville, FL",78.31,6%,07/01/2022,06/30/2023,,3.12201,70%,04/01/2020,03/31/2023,,N,07/01/2022,06/30/2023,
100206.0,HCA FLORIDA SOUTH TAMPA HOSPITAL,45300.0,"Tampa-St. Petersburg-Clearwater, FL",83.19,38%,07/01/2022,06/30/2023,,,,04/01/2020,03/31/2023,1.0,N,07/01/2022,06/30/2023,
100209.0,HCA FLORIDA KENDALL HOSPITAL,33100.0,"Miami-Fort Lauderdale-West Palm Beach, FL",79.81,11%,07/01/2022,06/30/2023,,,,04/01/2020,03/31/2023,1.0,N,07/01/2022,06/30/2023,
100211.0,ADVENTHEALTH DADE CITY,45300.0,"Tampa-St. Petersburg-Clearwater, FL",82.75,34%,07/01/2022,06/30/2023,,,,04/01/2020,03/31/2023,5.0,N,07/01/2022,06/30/2023,
100224.0,HCA FLORIDA WOODMONT HOSPITAL,33100.0,"Miami-Fort Lauderdale-West Palm Beach, FL",76.13,2%,07/01/2022,06/30/2023,,3.2443,61%,04/01/2020,03/31/2023,,N,07/01/2022,06/30/2023,
100228.0,HCA FLORIDA WESTSIDE HOSPITAL,33100.0,"Miami-Fort Lauderdale-West Palm Beach, FL",78.94,9%,07/01/2022,06/30/2023,,,,04/01/2020,03/31/2023,1.0,N,07/01/2022,06/30/2023,
100230.0,MEMORIAL HOSPITAL PEMBROKE,33100.0,"Miami-Fort Lauderdale-West Palm Beach, FL",85.56,70%,07/01/2022,06/30/2023,,,,04/01/2020,03/31/2023,1.0,N,07/01/2022,06/30/2023,
100253.0,Jupiter Medical Center,33100.0,"Miami-Fort Lauderdale-West Palm Beach, FL",83.94,47%,07/01/2022,06/30/2023,,2.23491,98%,04/01/2020,03/31/2023,,N,07/01/2022,06/30/2023,
100258.0,DELRAY MEDICAL CENTER,33100.0,"Miami-Fort Lauderdale-West Palm Beach, FL",68.88,0%,07/01/2022,06/30/2023,,5.17522,2%,04/01/2020,03/31/2023,,N,07/01/2022,06/30/2023,*
100259.0,HCA FLORIDA SOUTH SHORE HOSPITAL,45300.0,"Tampa-St. Petersburg-Clearwater, FL",79.88,12%,07/01/2022,06/30/2023,,,,04/01/2020,03/31/2023,1.0,N,07/01/2022,06/30/2023,
100260.0,HCA FLORIDA ST LUCIE HOSPITAL,38940.0,"Port St. Lucie, FL",81.88,25%,07/01/2022,06/30/2023,,3.02027,76%,04/01/2020,03/31/2023,,N,07/01/2022,06/30/2023,
100264.0,HCA FLORIDA OAK HILL HOSPITAL,45300.0,"Tampa-St. Petersburg-Clearwater, FL",80.38,14%,07/01/2022,06/30/2023,,5.55431,1%,04/01/2020,03/31/2023,,N,07/01/2022,06/30/2023,*
100268.0,WEST BOCA MEDICAL CENTER,33100.0,"Miami-Fort Lauderdale-West Palm Beach, FL",72.69,1%,07/01/2022,06/30/2023,,,,04/01/2020,03/31/2023,1.0,N,07/01/2022,06/30/2023,
100269.0,HCA FLORIDA PALMS WEST HOSPITAL,33100.0,"Miami-Fort Lauderdale-West Palm Beach, FL",78.63,7%,07/01/2022,06/30/2023,,,,04/01/2020,03/31/2023,1.0,N,07/01/2022,06/30/2023,
100275.0,WELLINGTON REGIONAL MEDICAL CENTER,33100.0,"Miami-Fort Lauderdale-West Palm Beach, FL",74.06,1%,07/01/2022,06/30/2023,,3.94545,21%,04/01/2020,03/31/2023,,N,07/01/2022,06/30/2023,*
100276.0,BROWARD HEALTH CORAL SPRINGS,33100.0,"Miami-Fort Lauderdale-West Palm Beach, FL",81.38,21%,07/01/2022,06/30/2023,,,,04/01/2020,03/31/2023,1.0,N,07/01/2022,06/30/2023,
100281.0,MEMORIAL HOSPITAL WEST,33100.0,"Miami-Fort Lauderdale-West Palm Beach, FL",84.25,52%,07/01/2022,06/30/2023,,3.38968,51%,04/01/2020,03/31/2023,,N,07/01/2022,06/30/2023,
100284.0,KERALTY HOSPITAL,33100.0,"Miami-Fort Lauderdale-West Palm Beach, FL",79.94,12%,07/01/2022,06/30/2023,,,,04/01/2020,03/31/2023,1.0,N,07/01/2022,06/30/2023,**
100285.0,MEMORIAL HOSPITAL MIRAMAR,33100.0,"Miami-Fort Lauderdale-West Palm Beach, FL",86.19,78%,07/01/2022,06/30/2023,,,,04/01/2020,03/31/2023,1.0,N,07/01/2022,06/30/2023,
100287.0,GOOD SAMARITAN MEDICAL CENTER,33100.0,"Miami-Fort Lauderdale-West Palm Beach, FL",77.25,4%,07/01/2022,06/30/2023,,3.16542,67%,04/01/2020,03/31/2023,,N,07/01/2022,06/30/2023,
100288.0,ST MARY'S MEDICAL CENTER,33100.0,"Miami-Fort Lauderdale-West Palm Beach, FL",76.25,3%,07/01/2022,06/30/2023,,3.40025,50%,04/01/2020,03/31/2023,,N,07/01/2022,06/30/2023,
100296.0,DOCTORS HOSPITAL,33100.0,"Miami-Fort Lauderdale-West Palm Beach, FL",82.75,34%,07/01/2022,06/30/2023,,2.41991,96%,04/01/2020,03/31/2023,,N,07/01/2022,06/30/2023,
100302.0,ORLANDO HEALTH ST CLOUD HOSPITAL,36740.0,"Orlando-Kissimmee-Sanford, FL",78.88,8%,07/01/2022,06/30/2023,,,,04/01/2020,03/31/2023,1.0,N,07/01/2022,06/30/2023,
100314.0,WEST KENDALL BAPTIST HOSPITAL,33100.0,"Miami-Fort Lauderdale-West Palm Beach, FL",85.94,74%,07/01/2022,06/30/2023,,,,04/01/2020,03/31/2023,5.0,N,07/01/2022,06/30/2023,
100319.0,ADVENTHEALTH WESLEY CHAPEL,45300.0,"Tampa-St. Petersburg-Clearwater, FL",86.19,78%,07/01/2022,06/30/2023,,3.83759,26%,04/01/2020,03/31/2023,,N,07/01/2022,06/30/2023,
180001.0,ST ELIZABETH FT THOMAS,17140.0,"Cincinnati, OH-KY-IN",84.56,56%,07/01/2022,06/30/2023,,,,04/01/2020,03/31/2023,5.0,N,07/01/2022,06/30/2023,**
180035.0,ST ELIZABETH MEDICAL CENTER NORTH,17140.0,"Cincinnati, OH-KY-IN",86.0,75%,07/01/2022,06/30/2023,,4.53244,7%,04/01/2020,03/31/2023,,N,07/01/2022,06/30/2023,
180045.0,ST ELIZABETH FLORENCE,17140.0,"Cincinnati, OH-KY-IN",83.94,47%,07/01/2022,06/30/2023,,,,04/01/2020,03/31/2023,1.0,N,07/01/2022,06/30/2023,
190036.0,OCHSNER MEDICAL CENTER,35380.0,"New Orleans-Metairie, LA",85.56,70%,07/01/2022,06/30/2023,,3.13969,69%,04/01/2020,03/31/2023,,N,07/01/2022,06/30/2023,
190039.0,WEST JEFFERSON MEDICAL CENTER,35380.0,"New Orleans-Metairie, LA",84.13,50%,07/01/2022,06/30/2023,,,,04/01/2020,03/31/2023,1.0,N,07/01/2022,06/30/2023,
190040.0,SLIDELL MEMORIAL HOSPITAL,35380.0,"New Orleans-Metairie, LA",82.56,32%,07/01/2022,06/30/2023,,,,04/01/2020,03/31/2023,5.0,N,07/01/2022,06/30/2023,
190045.0,ST TAMMANY PARISH HOSPITAL,35380.0,"New Orleans-Metairie, LA",87.13,85%,07/01/2022,06/30/2023,,,,04/01/2020,03/31/2023,1.0,N,07/01/2022,06/30/2023,
190046.0,TOURO INFIRMARY,35380.0,"New Orleans-Metairie, LA",86.38,80%,07/01/2022,06/30/2023,,3.22401,63%,04/01/2020,03/31/2023,,N,07/01/2022,06/30/2023,
190125.0,ST FRANCIS MEDICAL CENTER,33740.0,"Monroe, LA",84.81,59%,07/01/2022,06/30/2023,,,,04/01/2020,03/31/2023,1.0,N,07/01/2022,06/30/2023,
190146.0,EAST JEFFERSON GENERAL HOSPITAL,35380.0,"New Orleans-Metairie, LA",,,07/01/2022,06/30/2023,***,,,04/01/2020,03/31/2023,,N,07/01/2022,06/30/2023,
190160.0,GLENWOOD REGIONAL MEDICAL CENTER,33740.0,"Monroe, LA",81.19,19%,07/01/2022,06/30/2023,,2.92625,82%,04/01/2020,03/31/2023,,N,07/01/2022,06/30/2023,
190176.0,EAST JEFFERSON GENERAL HOSPITAL,35380.0,"New Orleans-Metairie, LA",84.06,49%,07/01/2022,06/30/2023,,2.79643,87%,04/01/2020,03/31/2023,,N,07/01/2022,06/30/2023,
190204.0,"OCHSNER MEDICAL CENTER - NORTHSHORE, L L C",35380.0,"New Orleans-Metairie, LA",85.25,66%,07/01/2022,06/30/2023,,,,04/01/2020,03/31/2023,,N,07/01/2022,06/30/2023,
190256.0,STERLING SURGICAL HOSPITAL,35380.0,"New Orleans-Metairie, LA",,,07/01/2022,06/30/2023,***,2.87451,84%,04/01/2020,03/31/2023,,N,07/01/2022,06/30/2023,
190267.0,AVALA,35380.0,"New Orleans-Metairie, LA",92.88,100%,07/01/2022,06/30/2023,,3.36927,53%,04/01/2020,03/31/2023,,N,07/01/2022,06/30/2023,
190270.0,OUR LADY OF THE LAKE SURGICAL HOSPITAL,35380.0,"New Orleans-Metairie, LA",92.69,99%,07/01/2022,06/30/2023,,,,04/01/2020,03/31/2023,1.0,N,07/01/2022,06/30/2023,
190274.0,OCHSNER MEDICAL CENTER-KENNER,35380.0,"New Orleans-Metairie, LA",84.81,59%,07/01/2022,06/30/2023,,,,04/01/2020,03/31/2023,1.0,N,07/01/2022,06/30/2023,
310001.0,HACKENSACK UNIVERSITY MEDICAL CENTER,35620.0,"New York-Newark-Jersey City, NY-NJ-PA",81.88,25%,07/01/2022,06/30/2023,,3.03218,75%,04/01/2020,03/31/2023,,N,07/01/2022,06/30/2023,
310002.0,NEWARK BETH ISRAEL MEDICAL CENTER,35620.0,"New York-Newark-Jersey City, NY-NJ-PA",79.25,10%,07/01/2022,06/30/2023,,,,04/01/2020,03/31/2023,1.0,N,07/01/2022,06/30/2023,
310003.0,PALISADES MEDICAL CENTER,35620.0,"New York-Newark-Jersey City, NY-NJ-PA",80.63,15%,07/01/2022,06/30/2023,,,,04/01/2020,03/31/2023,1.0,N,07/01/2022,06/30/2023,
310005.0,HUNTERDON MEDICAL CENTER,35620.0,"New York-Newark-Jersey City, NY-NJ-PA",84.13,50%,07/01/2022,06/30/2023,,2.50692,95%,04/01/2020,03/31/2023,,N,07/01/2022,06/30/2023,
310006.0,ST MARY'S GENERAL HOSPITAL,35620.0,"New York-Newark-Jersey City, NY-NJ-PA",79.75,11%,07/01/2022,06/30/2023,,,,04/01/2020,03/31/2023,1.0,N,07/01/2022,06/30/2023,
310008.0,HOLY NAME MEDICAL CENTER,35620.0,"New York-Newark-Jersey City, NY-NJ-PA",84.63,57%,07/01/2022,06/30/2023,,6.78763,0%,04/01/2020,03/31/2023,,N,07/01/2022,06/30/2023,
310009.0,CLARA MAASS MEDICAL CENTER,35620.0,"New York-Newark-Jersey City, NY-NJ-PA",77.81,4%,07/01/2022,06/30/2023,,3.43788,48%,04/01/2020,03/31/2023,,N,07/01/2022,06/30/2023,
310010.0,PENN MEDICINE PRINCETON MEDICAL CENTER,35620.0,"New York-Newark-Jersey City, NY-NJ-PA",85.0,62%,07/01/2022,06/30/2023,,3.84746,25%,04/01/2020,03/31/2023,,N,07/01/2022,06/30/2023,
310012.0,VALLEY HOSPITAL,35620.0,"New York-Newark-Jersey City, NY-NJ-PA",82.81,34%,07/01/2022,06/30/2023,,2.63354,93%,04/01/2020,03/31/2023,,N,07/01/2022,06/30/2023,
310015.0,MORRISTOWN MEDICAL CENTER,35620.0,"New York-Newark-Jersey City, NY-NJ-PA",84.56,56%,07/01/2022,06/30/2023,,2.93733,81%,04/01/2020,03/31/2023,,N,07/01/2022,06/30/2023,
310016.0,CAREPOINT HEALTH-CHRIST HOSPITAL,35620.0,"New York-Newark-Jersey City, NY-NJ-PA",79.25,10%,07/01/2022,06/30/2023,,,,04/01/2020,03/31/2023,1.0,N,07/01/2022,06/30/2023,
310017.0,CHILTON MEDICAL CENTER,35620.0,"New York-Newark-Jersey City, NY-NJ-PA",82.69,33%,07/01/2022,06/30/2023,,3.44661,47%,04/01/2020,03/31/2023,,N,07/01/2022,06/30/2023,
310019.0,ST JOSEPH'S UNIVERSITY MEDICAL CENTER,35620.0,"New York-Newark-Jersey City, NY-NJ-PA",79.88,12%,07/01/2022,06/30/2023,,2.99811,78%,04/01/2020,03/31/2023,,N,07/01/2022,06/30/2023,
310024.0,ROBERT WOOD JOHNSON UNIVERSITY HOSPITAL AT RAHWAY,35620.0,"New York-Newark-Jersey City, NY-NJ-PA",81.63,22%,07/01/2022,06/30/2023,,4.72713,4%,04/01/2020,03/31/2023,,N,07/01/2022,06/30/2023,*
310025.0,CAREPOINT HEALTH - BAYONNE MEDICAL CENTER,35620.0,"New York-Newark-Jersey City, NY-NJ-PA",77.75,4%,07/01/2022,06/30/2023,,4.53363,7%,04/01/2020,03/31/2023,,N,07/01/2022,06/30/2023,*
310027.0,TRINITAS REGIONAL MEDICAL CENTER,35620.0,"New York-Newark-Jersey City, NY-NJ-PA",76.31,3%,07/01/2022,06/30/2023,,,,04/01/2020,03/31/2023,1.0,N,07/01/2022,06/30/2023,
310028.0,NEWTON MEDICAL CENTER,35620.0,"New York-Newark-Jersey City, NY-NJ-PA",80.88,17%,07/01/2022,06/30/2023,,3.53566,41%,04/01/2020,03/31/2023,,Y,07/01/2022,06/30/2023,
310034.0,RIVERVIEW MEDICAL CENTER,35620.0,"New York-Newark-Jersey City, NY-NJ-PA",84.88,60%,07/01/2022,06/30/2023,,3.14875,69%,04/01/2020,03/31/2023,,N,07/01/2022,06/30/2023,
310038.0,ROBERT WOOD JOHNSON UNIVERSITY HOSPITAL,35620.0,"New York-Newark-Jersey City, NY-NJ-PA",81.13,19%,07/01/2022,06/30/2023,,4.46949,8%,04/01/2020,03/31/2023,,N,07/01/2022,06/30/2023,*
310039.0,RARITAN BAY MEDICAL CENTER,35620.0,"New York-Newark-Jersey City, NY-NJ-PA",81.31,20%,07/01/2022,06/30/2023,,,,04/01/2020,03/31/2023,1.0,N,07/01/2022,06/30/2023,
310040.0,CAREPOINT HEALTH-HOBOKEN UNIVERSITY MEDICAL CENTER,35620.0,"New York-Newark-Jersey City, NY-NJ-PA",81.63,22%,07/01/2022,06/30/2023,,3.71634,32%,04/01/2020,03/31/2023,,N,07/01/2022,06/30/2023,
310041.0,COMMUNITY MEDICAL CENTER,35620.0,"New York-Newark-Jersey City, NY-NJ-PA",79.63,11%,07/01/2022,06/30/2023,,2.77998,88%,04/01/2020,03/31/2023,,N,07/01/2022,06/30/2023,
310045.0,ENGLEWOOD HOSPITAL AND MEDICAL CENTER,35620.0,"New York-Newark-Jersey City, NY-NJ-PA",84.0,48%,07/01/2022,06/30/2023,,3.54493,41%,04/01/2020,03/31/2023,,N,07/01/2022,06/30/2023,
310048.0,ROBERT WOOD JOHNSON UNIVERSITY HOSPITAL SOMERSET,35620.0,"New York-Newark-Jersey City, NY-NJ-PA",82.06,27%,07/01/2022,06/30/2023,,4.00976,19%,04/01/2020,03/31/2023,,N,07/01/2022,06/30/2023,*
310050.0,SAINT CLARE'S HOSPITAL/ DENVILLE CAMPUS,35620.0,"New York-Newark-Jersey City, NY-NJ-PA",82.69,33%,07/01/2022,06/30/2023,,3.62002,36%,04/01/2020,03/31/2023,,N,07/01/2022,06/30/2023,
310051.0,OVERLOOK MEDICAL CENTER,35620.0,"New York-Newark-Jersey City, NY-NJ-PA",82.13,27%,07/01/2022,06/30/2023,,2.98819,78%,04/01/2020,03/31/2023,,Y,07/01/2022,06/30/2023,
310052.0,OCEAN UNIVERSITY MEDICAL CENTER,35620.0,"New York-Newark-Jersey City, NY-NJ-PA",82.13,27%,07/01/2022,06/30/2023,,4.21162,13%,04/01/2020,03/31/2023,,N,07/01/2022,06/30/2023,*
310054.0,"HACKENSACK MERIDIAN HEALTH, MOUNTAINSIDE MEDICAL",35620.0,"New York-Newark-Jersey City, NY-NJ-PA",80.38,14%,07/01/2022,06/30/2023,,4.63716,5%,04/01/2020,03/31/2023,,N,07/01/2022,06/30/2023,*
310070.0,SAINT PETER'S UNIVERSITY HOSPITAL,35620.0,"New York-Newark-Jersey City, NY-NJ-PA",82.19,28%,07/01/2022,06/30/2023,,2.86941,84%,04/01/2020,03/31/2023,,N,07/01/2022,06/30/2023,
310073.0,JERSEY SHORE UNIVERSITY MEDICAL CENTER,35620.0,"New York-Newark-Jersey City, NY-NJ-PA",80.94,17%,07/01/2022,06/30/2023,,3.54613,41%,04/01/2020,03/31/2023,,N,07/01/2022,06/30/2023,
310074.0,JERSEY CITY MEDICAL CENTER,35620.0,"New York-Newark-Jersey City, NY-NJ-PA",81.31,20%,07/01/2022,06/30/2023,,,,04/01/2020,03/31/2023,1.0,N,07/01/2022,06/30/2023,
310075.0,MONMOUTH MEDICAL CENTER,35620.0,"New York-Newark-Jersey City, NY-NJ-PA",83.25,39%,07/01/2022,06/30/2023,,2.63809,93%,04/01/2020,03/31/2023,,N,07/01/2022,06/30/2023,
310076.0,COOPERMAN BARNABAS MEDICAL CENTER,35620.0,"New York-Newark-Jersey City, NY-NJ-PA",82.31,29%,07/01/2022,06/30/2023,,3.33967,56%,04/01/2020,03/31/2023,,N,07/01/2022,06/30/2023,
310083.0,EAST ORANGE GENERAL HOSPITAL,35620.0,"New York-Newark-Jersey City, NY-NJ-PA",74.63,1%,07/01/2022,06/30/2023,,,,04/01/2020,03/31/2023,1.0,N,07/01/2022,06/30/2023,
310084.0,MONMOUTH MEDICAL CENTER-SOUTHERN CAMPUS,35620.0,"New York-Newark-Jersey City, NY-NJ-PA",79.81,11%,07/01/2022,06/30/2023,,,,04/01/2020,03/31/2023,1.0,N,07/01/2022,06/30/2023,
310096.0,SAINT MICHAEL'S MEDICAL CENTER,35620.0,"New York-Newark-Jersey City, NY-NJ-PA",84.06,49%,07/01/2022,06/30/2023,,,,04/01/2020,03/31/2023,1.0,N,07/01/2022,06/30/2023,
310108.0,JFK UNIVERSITY MEDICAL CENTER,35620.0,"New York-Newark-Jersey City, NY-NJ-PA",78.5,6%,07/01/2022,06/30/2023,,,,04/01/2020,03/31/2023,1.0,N,07/01/2022,06/30/2023,
310111.0,CENTRASTATE MEDICAL CENTER,35620.0,"New York-Newark-Jersey City, NY-NJ-PA",81.19,19%,07/01/2022,06/30/2023,,4.63845,5%,04/01/2020,03/31/2023,,N,07/01/2022,06/30/2023,*
310112.0,BAYSHORE MEDICAL CENTER,35620.0,"New York-Newark-Jersey City, NY-NJ-PA",83.31,40%,07/01/2022,06/30/2023,,,,04/01/2020,03/31/2023,1.0,N,07/01/2022,06/30/2023,
310113.0,SOUTHERN OCEAN MEDICAL CENTER,35620.0,"New York-Newark-Jersey City, NY-NJ-PA",82.44,31%,07/01/2022,06/30/2023,,,,04/01/2020,03/31/2023,1.0,N,07/01/2022,06/30/2023,
310118.0,HUDSON REGIONAL HOSPITAL,35620.0,"New York-Newark-Jersey City, NY-NJ-PA",78.0,5%,07/01/2022,06/30/2023,,2.71443,91%,04/01/2020,03/31/2023,,N,07/01/2022,06/30/2023,
310119.0,UNIVERSITY HOSPITAL,35620.0,"New York-Newark-Jersey City, NY-NJ-PA",77.5,4%,07/01/2022,06/30/2023,,,,04/01/2020,03/31/2023,1.0,N,07/01/2022,06/30/2023,
310130.0,HACKENSACK MERIDIAN HEALTH PASCACK VALLEY MEDICAL,35620.0,"New York-Newark-Jersey City, NY-NJ-PA",81.56,22%,07/01/2022,06/30/2023,,3.45542,46%,04/01/2020,03/31/2023,,N,07/01/2022,06/30/2023,
330006.0,ST JOSEPH'S MEDICAL CENTER,35620.0,"New York-Newark-Jersey City, NY-NJ-PA",81.31,20%,07/01/2022,06/30/2023,,,,04/01/2020,03/31/2023,1.0,N,07/01/2022,06/30/2023,
330009.0,BRONXCARE HOSPITAL CENTER,35620.0,"New York-Newark-Jersey City, NY-NJ-PA",75.69,2%,07/01/2022,06/30/2023,,,,04/01/2020,03/31/2023,1.0,N,07/01/2022,06/30/2023,
330019.0,"NEW YORK COMMUNITY HOSPITAL OF BROOKLYN, INC.",35620.0,"New York-Newark-Jersey City, NY-NJ-PA",73.69,1%,07/01/2022,06/30/2023,,,,04/01/2020,03/31/2023,1.0,N,07/01/2022,06/30/2023,
330023.0,VASSAR BROTHERS MEDICAL CENTER,35620.0,"New York-Newark-Jersey City, NY-NJ-PA",83.38,40%,07/01/2022,06/30/2023,,,,04/01/2020,03/31/2023,1.0,N,07/01/2022,06/30/2023,
330024.0,MOUNT SINAI HOSPITAL,35620.0,"New York-Newark-Jersey City, NY-NJ-PA",81.19,19%,07/01/2022,06/30/2023,,3.34314,55%,04/01/2020,03/31/2023,,N,07/01/2022,06/30/2023,
330027.0,NASSAU UNIVERSITY MEDICAL CENTER,35620.0,"New York-Newark-Jersey City, NY-NJ-PA",74.81,1%,07/01/2022,06/30/2023,,,,04/01/2020,03/31/2023,1.0,N,07/01/2022,06/30/2023,
330028.0,RICHMOND UNIVERSITY MEDICAL CENTER,35620.0,"New York-Newark-Jersey City, NY-NJ-PA",78.69,7%,07/01/2022,06/30/2023,,3.45791,46%,04/01/2020,03/31/2023,,N,07/01/2022,06/30/2023,
330043.0,SOUTHSIDE HOSPITAL,35620.0,"New York-Newark-Jersey City, NY-NJ-PA",82.19,28%,07/01/2022,06/30/2023,,2.30992,98%,04/01/2020,03/31/2023,,N,07/01/2022,06/30/2023,
330045.0,HUNTINGTON HOSPITAL,35620.0,"New York-Newark-Jersey City, NY-NJ-PA",83.13,37%,07/01/2022,06/30/2023,,2.564,94%,04/01/2020,03/31/2023,,N,07/01/2022,06/30/2023,
330056.0,BROOKLYN HOSPITAL CENTER - DOWNTOWN CAMPUS,35620.0,"New York-Newark-Jersey City, NY-NJ-PA",75.06,2%,07/01/2022,06/30/2023,,3.00059,77%,04/01/2020,03/31/2023,,N,07/01/2022,06/30/2023,
330104.0,NYACK HOSPITAL,35620.0,"New York-Newark-Jersey City, NY-NJ-PA",77.44,4%,07/01/2022,06/30/2023,,3.05644,74%,04/01/2020,03/31/2023,,N,07/01/2022,06/30/2023,
330106.0,NORTH SHORE UNIVERSITY HOSPITAL,35620.0,"New York-Newark-Jersey City, NY-NJ-PA",82.38,30%,07/01/2022,06/30/2023,,2.51026,95%,04/01/2020,03/31/2023,,N,07/01/2022,06/30/2023,
330107.0,PECONIC BAY MEDICAL CENTER,35620.0,"New York-Newark-Jersey City, NY-NJ-PA",83.13,37%,07/01/2022,06/30/2023,,1.83605,99%,04/01/2020,03/31/2023,,N,07/01/2022,06/30/2023,
330127.0,JACOBI MEDICAL CENTER,35620.0,"New York-Newark-Jersey City, NY-NJ-PA",76.63,3%,07/01/2022,06/30/2023,,,,04/01/2020,03/31/2023,1.0,N,07/01/2022,06/30/2023,
330128.0,ELMHURST HOSPITAL CENTER,35620.0,"New York-Newark-Jersey City, NY-NJ-PA",78.75,8%,07/01/2022,06/30/2023,,,,04/01/2020,03/31/2023,1.0,N,07/01/2022,06/30/2023,
330141.0,LONG ISLAND COMMUNITY HOSPITAL,35620.0,"New York-Newark-Jersey City, NY-NJ-PA",71.25,0%,07/01/2022,06/30/2023,,3.20033,64%,04/01/2020,03/31/2023,,N,07/01/2022,06/30/2023,
330158.0,GOOD SAMARITAN HOSPITAL OF SUFFERN,35620.0,"New York-Newark-Jersey City, NY-NJ-PA",78.81,8%,07/01/2022,06/30/2023,,2.62229,93%,04/01/2020,03/31/2023,,N,07/01/2022,06/30/2023,
330160.0,STATEN ISLAND UNIVERSITY HOSPITAL,35620.0,"New York-Newark-Jersey City, NY-NJ-PA",80.25,13%,07/01/2022,06/30/2023,,3.60004,37%,04/01/2020,03/31/2023,,N,07/01/2022,06/30/2023,
330162.0,NORTHERN WESTCHESTER HOSPITAL,35620.0,"New York-Newark-Jersey City, NY-NJ-PA",84.06,49%,07/01/2022,06/30/2023,,2.65957,92%,04/01/2020,03/31/2023,,N,07/01/2022,06/30/2023,
330181.0,GLEN COVE HOSPITAL,35620.0,"New York-Newark-Jersey City, NY-NJ-PA",86.31,79%,07/01/2022,06/30/2023,,,,04/01/2020,03/31/2023,5.0,N,07/01/2022,06/30/2023,
330182.0,"ST FRANCIS HOSPITAL, ROSLYN",35620.0,"New York-Newark-Jersey City, NY-NJ-PA",86.63,82%,07/01/2022,06/30/2023,,3.86103,24%,04/01/2020,03/31/2023,,Y,07/01/2022,06/30/2023,
330185.0,JOHN T MATHER MEMORIAL HOSPITAL  OF PORT JEFFERSON,35620.0,"New York-Newark-Jersey City, NY-NJ-PA",87.94,90%,07/01/2022,06/30/2023,,3.27856,60%,04/01/2020,03/31/2023,,N,07/01/2022,06/30/2023,
330196.0,CONEY ISLAND HOSPITAL CENTER,35620.0,"New York-Newark-Jersey City, NY-NJ-PA",78.44,6%,07/01/2022,06/30/2023,,,,04/01/2020,03/31/2023,1.0,N,07/01/2022,06/30/2023,
330198.0,MOUNT SINAI SOUTH NASSAU,35620.0,"New York-Newark-Jersey City, NY-NJ-PA",78.44,6%,07/01/2022,06/30/2023,,3.40684,49%,04/01/2020,03/31/2023,,N,07/01/2022,06/30/2023,
330204.0,BELLEVUE HOSPITAL CENTER,35620.0,"New York-Newark-Jersey City, NY-NJ-PA",78.06,5%,07/01/2022,06/30/2023,,,,04/01/2020,03/31/2023,1.0,N,07/01/2022,06/30/2023,
330205.0,ST ANTHONY COMMUNITY HOSPITAL,35620.0,"New York-Newark-Jersey City, NY-NJ-PA",86.38,80%,07/01/2022,06/30/2023,,3.20279,64%,04/01/2020,03/31/2023,,N,07/01/2022,06/30/2023,
330221.0,WYCKOFF HEIGHTS MEDICAL CENTER,35620.0,"New York-Newark-Jersey City, NY-NJ-PA",77.38,4%,07/01/2022,06/30/2023,,,,04/01/2020,03/31/2023,1.0,N,07/01/2022,06/30/2023,
330246.0,ST CHARLES HOSPITAL,35620.0,"New York-Newark-Jersey City, NY-NJ-PA",83.31,40%,07/01/2022,06/30/2023,,2.73481,90%,04/01/2020,03/31/2023,,Y,07/01/2022,06/30/2023,
330259.0,MERCY MEDICAL CENTER,35620.0,"New York-Newark-Jersey City, NY-NJ-PA",81.38,21%,07/01/2022,06/30/2023,,3.00002,77%,04/01/2020,03/31/2023,,Y,07/01/2022,06/30/2023,
330261.0,PHELPS HOSPITAL,35620.0,"New York-Newark-Jersey City, NY-NJ-PA",81.19,19%,07/01/2022,06/30/2023,,3.16419,67%,04/01/2020,03/31/2023,,N,07/01/2022,06/30/2023,
330264.0,ST LUKE'S CORNWALL HOSPITAL,35620.0,"New York-Newark-Jersey City, NY-NJ-PA",81.63,22%,07/01/2022,06/30/2023,,3.55036,40%,04/01/2020,03/31/2023,,N,07/01/2022,06/30/2023,
330267.0,HUDSON VALLEY HOSPITAL CENTER,35620.0,"New York-Newark-Jersey City, NY-NJ-PA",83.63,44%,07/01/2022,06/30/2023,,3.68646,34%,04/01/2020,03/31/2023,,N,07/01/2022,06/30/2023,
330273.0,PUTNAM HOSPITAL CENTER,35620.0,"New York-Newark-Jersey City, NY-NJ-PA",84.13,50%,07/01/2022,06/30/2023,,,,04/01/2020,03/31/2023,1.0,N,07/01/2022,06/30/2023,
330286.0,GOOD SAMARITAN HOSPITAL MEDICAL CENTER,35620.0,"New York-Newark-Jersey City, NY-NJ-PA",80.0,12%,07/01/2022,06/30/2023,,3.63022,36%,04/01/2020,03/31/2023,,Y,07/01/2022,06/30/2023,
330331.0,PLAINVIEW HOSPITAL,35620.0,"New York-Newark-Jersey City, NY-NJ-PA",81.94,25%,07/01/2022,06/30/2023,,3.30183,58%,04/01/2020,03/31/2023,,N,07/01/2022,06/30/2023,
330332.0,ST JOSEPH HOSPITAL,35620.0,"New York-Newark-Jersey City, NY-NJ-PA",83.31,40%,07/01/2022,06/30/2023,,3.84303,25%,04/01/2020,03/31/2023,,Y,07/01/2022,06/30/2023,
330350.0,SUNY HEALTH SCIENCE CENTER AT BROOKLYN UNIVERSITY,35620.0,"New York-Newark-Jersey City, NY-NJ-PA",78.94,9%,07/01/2022,06/30/2023,,3.35878,54%,04/01/2020,03/31/2023,,N,07/01/2022,06/30/2023,
330401.0,ST CATHERINE OF SIENA HOSPITAL,35620.0,"New York-Newark-Jersey City, NY-NJ-PA",81.56,22%,07/01/2022,06/30/2023,,3.7032,33%,04/01/2020,03/31/2023,,N,07/01/2022,06/30/2023,
340017.0,MARGARET R PARDEE MEMORIAL HOSPITAL,11700.0,"Asheville, NC",87.38,87%,07/01/2022,06/30/2023,,4.03647,18%,04/01/2020,03/31/2023,,N,07/01/2022,06/30/2023,
340023.0,PARK RIDGE HEALTH,11700.0,"Asheville, NC",87.69,89%,07/01/2022,06/30/2023,,3.43842,47%,04/01/2020,03/31/2023,,N,07/01/2022,06/30/2023,
340040.0,VIDANT MEDICAL CENTER,24780.0,"Greenville, NC",84.0,48%,07/01/2022,06/30/2023,,5.3889,1%,04/01/2020,03/31/2023,,Y,07/01/2022,06/30/2023,
340184.0,HAYWOOD REGIONAL MEDICAL CENTER,11700.0,"Asheville, NC",83.31,40%,07/01/2022,06/30/2023,,,,04/01/2020,03/31/2023,1.0,N,07/01/2022,06/30/2023,
360001.0,MERCY HEALTH-ANDERSON HOSPITAL,17140.0,"Cincinnati, OH-KY-IN",82.81,34%,07/01/2022,06/30/2023,,3.41466,49%,04/01/2020,03/31/2023,,N,07/01/2022,06/30/2023,
360003.0,"UNIVERSITY OF CINCINNATI MEDICAL CENTER, LLC",17140.0,"Cincinnati, OH-KY-IN",83.56,43%,07/01/2022,06/30/2023,,,,04/01/2020,03/31/2023,1.0,N,07/01/2022,06/30/2023,
360016.0,THE JEWISH HOSPITAL-MERCY HEALTH,17140.0,"Cincinnati, OH-KY-IN",84.38,53%,07/01/2022,06/30/2023,,3.85435,25%,04/01/2020,03/31/2023,,N,07/01/2022,06/30/2023,
360056.0,MERCY HEALTH - FAIRFIELD HOSPITAL,17140.0,"Cincinnati, OH-KY-IN",82.63,33%,07/01/2022,06/30/2023,,4.06425,17%,04/01/2020,03/31/2023,,N,07/01/2022,06/30/2023,*
360076.0,ATRIUM MEDICAL CENTER,17140.0,"Cincinnati, OH-KY-IN",81.69,23%,07/01/2022,06/30/2023,,,,04/01/2020,03/31/2023,1.0,N,07/01/2022,06/30/2023,
360078.0,UNIVERSITY HOSPITALS PORTAGE MEDICAL CENTER,10420.0,"Akron, OH",85.19,65%,07/01/2022,06/30/2023,,,,04/01/2020,03/31/2023,1.0,N,07/01/2022,06/30/2023,
360090.0,MCLAREN ST LUKE'S,45780.0,"Toledo, OH",79.19,10%,07/01/2022,06/30/2023,,,,04/01/2020,03/31/2023,,N,07/01/2022,06/30/2023,
360132.0,FORT HAMILTON HUGHES MEMORIAL HOSPITAL,17140.0,"Cincinnati, OH-KY-IN",84.81,59%,07/01/2022,06/30/2023,,,,04/01/2020,03/31/2023,1.0,N,07/01/2022,06/30/2023,
360134.0,GOOD SAMARITAN HOSPITAL,17140.0,"Cincinnati, OH-KY-IN",84.81,59%,07/01/2022,06/30/2023,,4.32807,10%,04/01/2020,03/31/2023,,N,07/01/2022,06/30/2023,
360163.0,CHRIST HOSPITAL,17140.0,"Cincinnati, OH-KY-IN",86.38,80%,07/01/2022,06/30/2023,,3.16598,67%,04/01/2020,03/31/2023,,N,07/01/2022,06/30/2023,
360179.0,BETHESDA NORTH,17140.0,"Cincinnati, OH-KY-IN",82.0,26%,07/01/2022,06/30/2023,,3.68377,34%,04/01/2020,03/31/2023,,N,07/01/2022,06/30/2023,
360234.0,MERCY HEALTH - WEST HOSPITAL,17140.0,"Cincinnati, OH-KY-IN",84.56,56%,07/01/2022,06/30/2023,,3.03854,75%,04/01/2020,03/31/2023,,N,07/01/2022,06/30/2023,
360236.0,MERCY HEALTH - CLERMONT HOSPITAL,17140.0,"Cincinnati, OH-KY-IN",85.19,65%,07/01/2022,06/30/2023,,,,04/01/2020,03/31/2023,1.0,N,07/01/2022,06/30/2023,
360351.0,CRYSTAL CLINIC ORTHOPAEDIC CENTER,10420.0,"Akron, OH",89.88,96%,07/01/2022,06/30/2023,,1.86318,99%,04/01/2020,03/31/2023,,N,07/01/2022,06/30/2023,
360354.0,"WEST CHESTER HOSPITAL, LLC",17140.0,"Cincinnati, OH-KY-IN",83.88,47%,07/01/2022,06/30/2023,,,,04/01/2020,03/31/2023,1.0,N,07/01/2022,06/30/2023,
370008.0,NORMAN REGIONAL,36420.0,"Oklahoma City, OK",84.31,52%,07/01/2022,06/30/2023,,2.72257,90%,04/01/2020,03/31/2023,,Y,07/01/2022,06/30/2023,
370028.0,"INTEGRIS BAPTIST MEDICAL CENTER, INC",36420.0,"Oklahoma City, OK",83.88,47%,07/01/2022,06/30/2023,,3.26149,61%,04/01/2020,03/31/2023,,N,07/01/2022,06/30/2023,
370037.0,SSM HEALTH ST ANTHONY HOSPITAL - OKLAHOMA CITY,36420.0,"Oklahoma City, OK",84.13,50%,07/01/2022,06/30/2023,,2.92475,82%,04/01/2020,03/31/2023,,N,07/01/2022,06/30/2023,
370093.0,O U HEALTH UNIVERSITY OF OKLAHOMA MEDICAL CENTER,36420.0,"Oklahoma City, OK",81.13,19%,07/01/2022,06/30/2023,,3.58686,39%,04/01/2020,03/31/2023,,N,07/01/2022,06/30/2023,
370094.0,SSM HEALTH ST ANTHONY HOSPITAL - MIDWEST,36420.0,"Oklahoma City, OK",78.38,6%,07/01/2022,06/30/2023,,3.59034,38%,04/01/2020,03/31/2023,,N,07/01/2022,06/30/2023,
370106.0,INTEGRIS SOUTHWEST MEDICAL CENTER,36420.0,"Oklahoma City, OK",82.63,33%,07/01/2022,06/30/2023,,,,04/01/2020,03/31/2023,1.0,N,07/01/2022,06/30/2023,
370192.0,NORTHWEST SURGICAL HOSPITAL,36420.0,"Oklahoma City, OK",,,07/01/2022,06/30/2023,***,,,04/01/2020,03/31/2023,1.0,N,07/01/2022,06/30/2023,**
370201.0,SURGICAL HOSPITAL OF OKLAHOMA,36420.0,"Oklahoma City, OK",89.44,95%,07/01/2022,06/30/2023,,3.16581,67%,04/01/2020,03/31/2023,,N,07/01/2022,06/30/2023,
370203.0,"COMMUNITY HOSPITAL, LLC",36420.0,"Oklahoma City, OK",87.31,87%,07/01/2022,06/30/2023,,3.88406,24%,04/01/2020,03/31/2023,,N,07/01/2022,06/30/2023,
370211.0,INTEGRIS CANADIAN VALLEY  HOSPITAL,36420.0,"Oklahoma City, OK",85.44,68%,07/01/2022,06/30/2023,,,,04/01/2020,03/31/2023,1.0,N,07/01/2022,06/30/2023,
370212.0,OKLAHOMA CENTER FOR ORTHOPAEDIC & MULTI-SPECIALTY SURGERY,36420.0,"Oklahoma City, OK",,,07/01/2022,06/30/2023,***,2.92795,82%,04/01/2020,03/31/2023,,N,07/01/2022,06/30/2023,
370220.0,ONECORE HEALTH,36420.0,"Oklahoma City, OK",92.94,100%,07/01/2022,06/30/2023,,3.05982,74%,04/01/2020,03/31/2023,,N,07/01/2022,06/30/2023,
370222.0,MCBRIDE ORTHOPEDIC HOSPITAL,36420.0,"Oklahoma City, OK",91.06,98%,07/01/2022,06/30/2023,,3.22743,62%,04/01/2020,03/31/2023,,N,07/01/2022,06/30/2023,
370225.0,"SUMMIT MEDICAL CENTER, LLC",36420.0,"Oklahoma City, OK",,,07/01/2022,06/30/2023,***,,,04/01/2020,03/31/2023,1.0,N,07/01/2022,06/30/2023,
370236.0,INTEGRIS HEALTH EDMOND,36420.0,"Oklahoma City, OK",85.44,68%,07/01/2022,06/30/2023,,,,04/01/2020,03/31/2023,1.0,N,07/01/2022,06/30/2023,
390002.0,UPMC MCKEESPORT,38300.0,"Pittsburgh, PA",81.88,25%,07/01/2022,06/30/2023,,,,04/01/2020,03/31/2023,5.0,N,07/01/2022,06/30/2023,
390004.0,PENN STATE HEALTH HOLY SPIRIT MEDICAL CENTER,25420.0,"Harrisburg-Carlisle, PA",79.81,11%,07/01/2022,06/30/2023,,,,04/01/2020,03/31/2023,1.0,N,07/01/2022,06/30/2023,
390028.0,UPMC MERCY,38300.0,"Pittsburgh, PA",83.19,38%,07/01/2022,06/30/2023,,,,04/01/2020,03/31/2023,1.0,N,07/01/2022,06/30/2023,
390032.0,ALLEGHENY VALLEY HOSPITAL,38300.0,"Pittsburgh, PA",86.06,76%,07/01/2022,06/30/2023,,,,04/01/2020,03/31/2023,1.0,N,07/01/2022,06/30/2023,
390036.0,HERITAGE VALLEY BEAVER,38300.0,"Pittsburgh, PA",85.13,64%,07/01/2022,06/30/2023,,3.54834,41%,04/01/2020,03/31/2023,,Y,07/01/2022,06/30/2023,
390037.0,HERITAGE VALLEY SEWICKLEY,38300.0,"Pittsburgh, PA",85.06,63%,07/01/2022,06/30/2023,,2.33662,98%,04/01/2020,03/31/2023,,N,07/01/2022,06/30/2023,
390041.0,UNIONTOWN HOSPITAL,38300.0,"Pittsburgh, PA",80.06,13%,07/01/2022,06/30/2023,,,,04/01/2020,03/31/2023,1.0,N,07/01/2022,06/30/2023,
390042.0,"WASHINGTON HOSPITAL, THE",38300.0,"Pittsburgh, PA",85.13,64%,07/01/2022,06/30/2023,,3.37762,52%,04/01/2020,03/31/2023,,N,07/01/2022,06/30/2023,
390050.0,ALLEGHENY GENERAL HOSPITAL,38300.0,"Pittsburgh, PA",85.31,67%,07/01/2022,06/30/2023,,4.58091,6%,04/01/2020,03/31/2023,,N,07/01/2022,06/30/2023,
390058.0,UPMC CARLISLE,25420.0,"Harrisburg-Carlisle, PA",84.06,49%,07/01/2022,06/30/2023,,3.55077,40%,04/01/2020,03/31/2023,,N,07/01/2022,06/30/2023,
390090.0,WEST PENN HOSPITAL,38300.0,"Pittsburgh, PA",86.56,82%,07/01/2022,06/30/2023,,,,04/01/2020,03/31/2023,1.0,N,07/01/2022,06/30/2023,
390102.0,UPMC ST MARGARET,38300.0,"Pittsburgh, PA",86.25,78%,07/01/2022,06/30/2023,,3.36799,53%,04/01/2020,03/31/2023,,Y,07/01/2022,06/30/2023,
390107.0,UPMC PASSAVANT,38300.0,"Pittsburgh, PA",86.38,80%,07/01/2022,06/30/2023,,2.57016,94%,04/01/2020,03/31/2023,,N,07/01/2022,06/30/2023,
390114.0,MAGEE WOMENS HOSPITAL OF UPMC HEALTH SYSTEM,38300.0,"Pittsburgh, PA",85.63,71%,07/01/2022,06/30/2023,,3.9162,22%,04/01/2020,03/31/2023,,Y,07/01/2022,06/30/2023,
390145.0,EXCELA HEALTH WESTMORELAND HOSPITAL,38300.0,"Pittsburgh, PA",82.44,31%,07/01/2022,06/30/2023,,2.52932,94%,04/01/2020,03/31/2023,,Y,07/01/2022,06/30/2023,
390147.0,PENN HIGHLANDS MON VALLEY,38300.0,"Pittsburgh, PA",79.38,10%,07/01/2022,06/30/2023,,3.08131,73%,04/01/2020,03/31/2023,,N,07/01/2022,06/30/2023,
390157.0,HERITAGE VALLEY KENNEDY,38300.0,"Pittsburgh, PA",81.69,23%,07/01/2022,06/30/2023,,,,04/01/2020,03/31/2023,1.0,Y,07/01/2022,06/30/2023,
390160.0,CANONSBURG GENERAL HOSPITAL,38300.0,"Pittsburgh, PA",87.5,88%,07/01/2022,06/30/2023,,,,04/01/2020,03/31/2023,1.0,N,07/01/2022,06/30/2023,
390219.0,EXCELA HEALTH LATROBE HOSPITAL,38300.0,"Pittsburgh, PA",84.13,50%,07/01/2022,06/30/2023,,3.35111,54%,04/01/2020,03/31/2023,,N,07/01/2022,06/30/2023,
390228.0,ST CLAIR HOSPITAL,38300.0,"Pittsburgh, PA",84.44,54%,07/01/2022,06/30/2023,,2.31275,98%,04/01/2020,03/31/2023,,N,07/01/2022,06/30/2023,
390265.0,JEFFERSON HOSPITAL,38300.0,"Pittsburgh, PA",84.81,59%,07/01/2022,06/30/2023,,3.92432,22%,04/01/2020,03/31/2023,,N,07/01/2022,06/30/2023,
390267.0,FORBES HOSPITAL,38300.0,"Pittsburgh, PA",83.19,38%,07/01/2022,06/30/2023,,,,04/01/2020,03/31/2023,1.0,N,07/01/2022,06/30/2023,
390316.0,SURGICAL INSTITUTE OF READING,39740.0,"Reading, PA",90.69,98%,07/01/2022,06/30/2023,,3.3087,57%,04/01/2020,03/31/2023,,N,07/01/2022,06/30/2023,
390323.0,ADVANCED SURGICAL HOSPITAL,38300.0,"Pittsburgh, PA",94.31,100%,07/01/2022,06/30/2023,,2.4993,95%,04/01/2020,03/31/2023,,N,07/01/2022,06/30/2023,
390328.0,UPMC EAST,38300.0,"Pittsburgh, PA",84.56,56%,07/01/2022,06/30/2023,,4.09346,16%,04/01/2020,03/31/2023,,Y,07/01/2022,06/30/2023,
440048.0,BAPTIST MEMORIAL HOSPITAL,32820.0,"Memphis, TN-MS-AR",82.44,31%,07/01/2022,06/30/2023,,4.65658,5%,04/01/2020,03/31/2023,,N,07/01/2022,06/30/2023,*
440049.0,METHODIST HOSPITALS OF MEMPHIS,32820.0,"Memphis, TN-MS-AR",82.94,36%,07/01/2022,06/30/2023,,2.9246,82%,04/01/2020,03/31/2023,,N,07/01/2022,06/30/2023,
440152.0,REGIONAL ONE HEALTH,32820.0,"Memphis, TN-MS-AR",80.31,14%,07/01/2022,06/30/2023,,,,04/01/2020,03/31/2023,5.0,N,07/01/2022,06/30/2023,
440183.0,ST FRANCIS HOSPITAL,32820.0,"Memphis, TN-MS-AR",76.94,3%,07/01/2022,06/30/2023,,4.23924,12%,04/01/2020,03/31/2023,,N,07/01/2022,06/30/2023,*
440228.0,SAINT FRANCIS BARTLETT MEDICAL CENTER,32820.0,"Memphis, TN-MS-AR",77.25,4%,07/01/2022,06/30/2023,,,,04/01/2020,03/31/2023,1.0,N,07/01/2022,06/30/2023,
450040.0,COVENANT MEDICAL CENTER,31180.0,"Lubbock, TX",82.94,36%,07/01/2022,06/30/2023,,4.25107,11%,04/01/2020,03/31/2023,,N,07/01/2022,06/30/2023,*
450046.0,CHRISTUS SPOHN HOSPITAL CORPUS CHRISTI,18580.0,"Corpus Christi, TX",82.56,32%,07/01/2022,06/30/2023,,,,04/01/2020,03/31/2023,1.0,N,07/01/2022,06/30/2023,
450054.0,BAYLOR SCOTT & WHITE MEDICAL CENTER - TEMPLE,28660.0,"Killeen-Temple, TX",85.25,66%,07/01/2022,06/30/2023,,3.88338,24%,04/01/2020,03/31/2023,,N,07/01/2022,06/30/2023,
450056.0,ASCENSION SETON MEDICAL CENTER AUSTIN,12420.0,"Austin-Round Rock, TX",84.38,53%,07/01/2022,06/30/2023,,2.97835,79%,04/01/2020,03/31/2023,,N,07/01/2022,06/30/2023,
450083.0,UT HEALTH EAST TEXAS TYLER REGIONAL HOSPITAL,46340.0,"Tyler, TX",80.13,13%,07/01/2022,06/30/2023,,2.87058,84%,04/01/2020,03/31/2023,,N,07/01/2022,06/30/2023,
450152.0,ADVENTHEALTH CENTRAL TEXAS,28660.0,"Killeen-Temple, TX",84.19,51%,07/01/2022,06/30/2023,,,,04/01/2020,03/31/2023,1.0,N,07/01/2022,06/30/2023,
450162.0,GRACE SURGICAL HOSPITAL,31180.0,"Lubbock, TX",,,07/01/2022,06/30/2023,***,3.13808,69%,04/01/2020,03/31/2023,,N,07/01/2022,06/30/2023,
450272.0,CHRISTUS SANTA ROSA HOSPITAL-SAN MARCOS,12420.0,"Austin-Round Rock, TX",84.44,54%,07/01/2022,06/30/2023,,,,04/01/2020,03/31/2023,1.0,N,07/01/2022,06/30/2023,
450431.0,ST DAVID'S MEDICAL CENTER,12420.0,"Austin-Round Rock, TX",85.5,69%,07/01/2022,06/30/2023,,2.37192,97%,04/01/2020,03/31/2023,,N,07/01/2022,06/30/2023,
450518.0,THE MEDICAL CENTER OF SOUTHEAST TEXAS,13140.0,"Beaumont-Port Arthur, TX",79.94,12%,07/01/2022,06/30/2023,,,,04/01/2020,03/31/2023,1.0,N,07/01/2022,06/30/2023,
450713.0,ST DAVID'S SOUTH AUSTIN MEDICAL CENTER,12420.0,"Austin-Round Rock, TX",84.5,55%,07/01/2022,06/30/2023,,3.18274,65%,04/01/2020,03/31/2023,,N,07/01/2022,06/30/2023,
450718.0,ROUND ROCK MEDICAL CENTER,12420.0,"Austin-Round Rock, TX",83.69,44%,07/01/2022,06/30/2023,,,,04/01/2020,03/31/2023,1.0,N,07/01/2022,06/30/2023,
450788.0,"CORPUS CHRISTI MEDICAL CENTER,THE",18580.0,"Corpus Christi, TX",82.94,36%,07/01/2022,06/30/2023,,,,04/01/2020,03/31/2023,1.0,N,07/01/2022,06/30/2023,
450808.0,NORTHWEST HILLS SURGICAL HOSPITAL,12420.0,"Austin-Round Rock, TX",90.88,98%,07/01/2022,06/30/2023,,,,04/01/2020,03/31/2023,1.0,N,07/01/2022,06/30/2023,
450809.0,NORTH AUSTIN MEDICAL CENTER,12420.0,"Austin-Round Rock, TX",82.44,31%,07/01/2022,06/30/2023,,2.77116,89%,04/01/2020,03/31/2023,,N,07/01/2022,06/30/2023,
450864.0,BAYLOR SCOTT & WHITE TEXAS SPINE & JOINT HOSPITAL,46340.0,"Tyler, TX",91.0,98%,07/01/2022,06/30/2023,,2.66702,92%,04/01/2020,03/31/2023,,N,07/01/2022,06/30/2023,
450867.0,ASCENSION SETON NORTHWEST,12420.0,"Austin-Round Rock, TX",86.0,75%,07/01/2022,06/30/2023,,3.40449,50%,04/01/2020,03/31/2023,,N,07/01/2022,06/30/2023,
450871.0,ARISE AUSTIN MEDICAL CENTER,12420.0,"Austin-Round Rock, TX",,,07/01/2022,06/30/2023,***,3.02554,76%,04/01/2020,03/31/2023,,N,07/01/2022,06/30/2023,
450876.0,LUBBOCK HEART HOSPITAL LP,31180.0,"Lubbock, TX",87.75,89%,07/01/2022,06/30/2023,,3.33288,56%,04/01/2020,03/31/2023,,N,07/01/2022,06/30/2023,
460001.0,UTAH VALLEY HOSPITAL,39340.0,"Provo-Orem, UT",87.31,87%,07/01/2022,06/30/2023,,3.05358,74%,04/01/2020,03/31/2023,,N,07/01/2022,06/30/2023,
460013.0,MOUNTAIN VIEW HOSPITAL,39340.0,"Provo-Orem, UT",86.88,84%,07/01/2022,06/30/2023,,3.48242,44%,04/01/2020,03/31/2023,,N,07/01/2022,06/30/2023,
460023.0,AMERICAN FORK HOSPITAL,39340.0,"Provo-Orem, UT",84.56,56%,07/01/2022,06/30/2023,,,,04/01/2020,03/31/2023,1.0,N,07/01/2022,06/30/2023,
460052.0,TIMPANOGOS REGIONAL HOSPITAL,39340.0,"Provo-Orem, UT",83.5,42%,07/01/2022,06/30/2023,,4.01559,19%,04/01/2020,03/31/2023,,N,07/01/2022,06/30/2023,
670006.0,THE HOSPITAL AT WESTLAKE MEDICAL CENTER,12420.0,"Austin-Round Rock, TX",85.63,71%,07/01/2022,06/30/2023,,3.44216,47%,04/01/2020,03/31/2023,,N,07/01/2022,06/30/2023,
670034.0,SCOTT & WHITE HOSPITAL-ROUND ROCK,12420.0,"Austin-Round Rock, TX",86.88,84%,07/01/2022,06/30/2023,,4.08766,17%,04/01/2020,03/31/2023,,Y,07/01/2022,06/30/2023,
670041.0,ASCENSION SETON WILLIAMSON,12420.0,"Austin-Round Rock, TX",84.94,61%,07/01/2022,06/30/2023,,,,04/01/2020,03/31/2023,1.0,N,07/01/2022,06/30/2023,
670043.0,CEDAR PARK REGIONAL MEDICAL CENTER,12420.0,"Austin-Round Rock, TX",82.69,33%,07/01/2022,06/30/2023,,,,04/01/2020,03/31/2023,1.0,N,07/01/2022,06/30/2023,
670056.0,ASCENSION SETON HAYS,12420.0,"Austin-Round Rock, TX",86.06,76%,07/01/2022,06/30/2023,,,,04/01/2020,03/31/2023,1.0,N,07/01/2022,06/30/2023,
670061.0,SOUTH TEXAS SURGICAL HOSPITAL,18580.0,"Corpus Christi, TX",,,07/01/2022,06/30/2023,***,,,04/01/2020,03/31/2023,,N,07/01/2022,06/30/2023,
670080.0,SETON MEDICAL CENTER HARKER HEIGHTS,28660.0,"Killeen-Temple, TX",86.25,78%,07/01/2022,06/30/2023,,,,04/01/2020,03/31/2023,1.0,N,07/01/2022,06/30/2023,
,,,,,,07/01/2022,06/30/2023,,,,04/01/2020,03/31/2023,,,07/01/2022,06/30/2023,
,,,,,,07/01/2022,06/30/2023,,,,04/01/2020,03/31/2023,,,07/01/2022,06/30/2023,
,,,,,,07/01/2022,06/30/2023,,,,04/01/2020,03/31/2023,,,07/01/2022,06/30/2023,
,,,,,,07/01/2022,06/30/2023,,,,04/01/2020,03/31/2023,,,07/01/2022,06/30/2023,
,,,,,,07/01/2022,06/30/2023,,,,04/01/2020,03/31/2023,,,07/01/2022,06/30/2023,
,,,,,,07/01/2022,06/30/2023,,,,04/01/2020,03/31/2023,,,07/01/2022,06/30/2023,
,,,,,,07/01/2022,06/30/2023,,,,04/01/2020,03/31/2023,,,07/01/2022,06/30/2023,
,,,,,,07/01/2022,06/30/2023,,,,04/01/2020,03/31/2023,,,07/01/2022,06/30/2023,
,,,,,,07/01/2022,06/30/2023,,,,04/01/2020,03/31/2023,,,07/01/2022,06/30/2023,
,,,,,,07/01/2022,06/30/2023,,,,04/01/2020,03/31/2023,,,07/01/2022,06/30/2023,
,,,,,,07/01/2022,06/30/2023,,,,04/01/2020,03/31/2023,,,07/01/2022,06/30/2023,
,,,,,,07/01/2022,06/30/2023,,,,04/01/2020,03/31/2023,,,07/01/2022,06/30/2023,
,,,,,,07/01/2022,06/30/2023,,,,04/01/2020,03/31/2023,,,07/01/2022,06/30/2023,
,,,,,,07/01/2022,06/30/2023,,,,04/01/2020,03/31/2023,,,07/01/2022,06/30/2023,
,,,,,,07/01/2022,06/30/2023,,,,04/01/2020,03/31/2023,,,07/01/2022,06/30/2023,
,,,,,,07/01/2022,06/30/2023,,,,04/01/2020,03/31/2023,,,07/01/2022,06/30/2023,
,,,,,,07/01/2022,06/30/2023,,,,04/01/2020,03/31/2023,,,07/01/2022,06/30/2023,
,,,,,,07/01/2022,06/30/2023,,,,04/01/2020,03/31/2023,,,07/01/2022,06/30/2023,
,,,,,,07/01/2022,06/30/2023,,,,04/01/2020,03/31/2023,,,07/01/2022,06/30/2023,
,,,,,,07/01/2022,06/30/2023,,,,04/01/2020,03/31/2023,,,07/01/2022,06/30/2023,
,,,,,,07/01/2022,06/30/2023,,,,04/01/2020,03/31/2023,,,07/01/2022,06/30/2023,
,,,,,,07/01/2022,06/30/2023,,,,04/01/2020,03/31/2023,,,07/01/2022,06/30/2023,
,,,,,,07/01/2022,06/30/2023,,,,04/01/2020,03/31/2023,,,07/01/2022,06/30/2023,
,,,,,,07/01/2022,06/30/2023,,,,04/01/2020,03/31/2023,,,07/01/2022,06/30/2023,
,,,,,,07/01/2022,06/30/2023,,,,04/01/2020,03/31/2023,,,07/01/2022,06/30/2023,
,,,,,,07/01/2022,06/30/2023,,,,04/01/2020,03/31/2023,,,07/01/2022,06/30/2023,
,,,,,,07/01/2022,06/30/2023,,,,04/01/2020,03/31/2023,,,07/01/2022,06/30/2023,
,,,,,,07/01/2022,06/30/2023,,,,04/01/2020,03/31/2023,,,07/01/2022,06/30/2023,
,,,,,,07/01/2022,06/30/2023,,,,04/01/2020,03/31/2023,,,07/01/2022,06/30/2023,
,,,,,,07/01/2022,06/30/2023,,,,04/01/2020,03/31/2023,,,07/01/2022,06/30/2023,
,,,,,,07/01/2022,06/30/2023,,,,04/01/2020,03/31/2023,,,07/01/2022,06/30/2023,
,,,,,,07/01/2022,06/30/2023,,,,04/01/2020,03/31/2023,,,07/01/2022,06/30/2023,
,,,,,,07/01/2022,06/30/2023,,,,04/01/2020,03/31/2023,,,07/01/2022,06/30/2023,
,,,,,,07/01/2022,06/30/2023,,,,04/01/2020,03/31/2023,,,07/01/2022,06/30/2023,
,,,,,,07/01/2022,06/30/2023,,,,04/01/2020,03/31/2023,,,07/01/2022,06/30/2023,
,,,,,,07/01/2022,06/30/2023,,,,04/01/2020,03/31/2023,,,07/01/2022,06/30/2023,
,,,,,,07/01/2022,06/30/2023,,,,04/01/2020,03/31/2023,,,07/01/2022,06/30/2023,
,,,,,,07/01/2022,06/30/2023,,,,04/01/2020,03/31/2023,,,07/01/2022,06/30/2023,
,,,,,,07/01/2022,06/30/2023,,,,04/01/2020,03/31/2023,,,07/01/2022,06/30/2023,
,,,,,,07/01/2022,06/30/2023,,,,04/01/2020,03/31/2023,,,07/01/2022,06/30/2023,
,,,,,,07/01/2022,06/30/2023,,,,04/01/2020,03/31/2023,,,07/01/2022,06/30/2023,
,,,,,,07/01/2022,06/30/2023,,,,04/01/2020,03/31/2023,,,07/01/2022,06/30/2023,
,,,,,,07/01/2022,06/30/2023,,,,04/01/2020,03/31/2023,,,07/01/2022,06/30/2023,
,,,,,,07/01/2022,06/30/2023,,,,04/01/2020,03/31/2023,,,07/01/2022,06/30/2023,
,,,,,,07/01/2022,06/30/2023,,,,04/01/2020,03/31/2023,,,07/01/2022,06/30/2023,
,,,,,,07/01/2022,06/30/2023,,,,04/01/2020,03/31/2023,,,07/01/2022,06/30/2023,
,,,,,,07/01/2022,06/30/2023,,,,04/01/2020,03/31/2023,,,07/01/2022,06/30/2023,
,,,,,,07/01/2022,06/30/2023,,,,04/01/2020,03/31/2023,,,07/01/2022,06/30/2023,
,,,,,,07/01/2022,06/30/2023,,,,04/01/2020,03/31/2023,,,07/01/2022,06/30/2023,
,,,,,,07/01/2022,06/30/2023,,,,04/01/2020,03/31/2023,,,07/01/2022,06/30/2023,
,,,,,,07/01/2022,06/30/2023,,,,04/01/2020,03/31/2023,,,07/01/2022,06/30/2023,
,,,,,,07/01/2022,06/30/2023,,,,04/01/2020,03/31/2023,,,07/01/2022,06/30/2023,
,,,,,,07/01/2022,06/30/2023,,,,04/01/2020,03/31/2023,,,07/01/2022,06/30/2023,
,,,,,,07/01/2022,06/30/2023,,,,04/01/2020,03/31/2023,,,07/01/2022,06/30/2023,
,,,,,,07/01/2022,06/30/2023,,,,04/01/2020,03/31/2023,,,07/01/2022,06/30/2023,
,,,,,,07/01/2022,06/30/2023,,,,04/01/2020,03/31/2023,,,07/01/2022,06/30/2023,
,,,,,,07/01/2022,06/30/2023,,,,04/01/2020,03/31/2023,,,07/01/2022,06/30/2023,
,,,,,,07/01/2022,06/30/2023,,,,04/01/2020,03/31/2023,,,07/01/2022,06/30/2023,
,,,,,,07/01/2022,06/30/2023,,,,04/01/2020,03/31/2023,,,07/01/2022,06/30/2023,
,,,,,,07/01/2022,06/30/2023,,,,04/01/2020,03/31/2023,,,07/01/2022,06/30/2023,
,,,,,,07/01/2022,06/30/2023,,,,04/01/2020,03/31/2023,,,07/01/2022,06/30/2023,
,,,,,,07/01/2022,06/30/2023,,,,04/01/2020,03/31/2023,,,07/01/2022,06/30/2023,
,,,,,,07/01/2022,06/30/2023,,,,04/01/2020,03/31/2023,,,07/01/2022,06/30/2023,
,,,,,,07/01/2022,06/30/2023,,,,04/01/2020,03/31/2023,,,07/01/2022,06/30/2023,
,,,,,,07/01/2022,06/30/2023,,,,04/01/2020,03/31/2023,,,07/01/2022,06/30/2023,
,,,,,,07/01/2022,06/30/2023,,,,04/01/2020,03/31/2023,,,07/01/2022,06/30/2023,
,,,,,,07/01/2022,06/30/2023,,,,04/01/2020,03/31/2023,,,07/01/2022,06/30/2023,
,,,,,,07/01/2022,06/30/2023,,,,04/01/2020,03/31/2023,,,07/01/2022,06/30/2023,
,,,,,,07/01/2022,06/30/2023,,,,04/01/2020,03/31/2023,,,07/01/2022,06/30/2023,
,,,,,,07/01/2022,06/30/2023,,,,04/01/2020,03/31/2023,,,07/01/2022,06/30/2023,
,,,,,,07/01/2022,06/30/2023,,,,04/01/2020,03/31/2023,,,07/01/2022,06/30/2023,
,,,,,,07/01/2022,06/30/2023,,,,04/01/2020,03/31/2023,,,07/01/2022,06/30/2023,
,,,,,,07/01/2022,06/30/2023,,,,04/01/2020,03/31/2023,,,07/01/2022,06/30/2023,
,,,,,,07/01/2022,06/30/2023,,,,04/01/2020,03/31/2023,,,07/01/2022,06/30/2023,
,,,,,,07/01/2022,06/30/2023,,,,04/01/2020,03/31/2023,,,07/01/2022,06/30/2023,
,,,,,,07/01/2022,06/30/2023,,,,04/01/2020,03/31/2023,,,07/01/2022,06/30/2023,
,,,,,,07/01/2022,06/30/2023,,,,04/01/2020,03/31/2023,,,07/01/2022,06/30/2023,
,,,,,,07/01/2022,06/30/2023,,,,04/01/2020,03/31/2023,,,07/01/2022,06/30/2023,
,,,,,,07/01/2022,06/30/2023,,,,04/01/2020,03/31/2023,,,07/01/2022,06/30/2023,
